eng,source,ltl
"begin; start; commence; initiate; become; go to; come to; summon; arrive; to; change; -ify; _incohative_; SBJ {starter} makes OBJ transition from falsehood to truth",,
"end; stop; cease; cancel; unbecome; come from; go from; send; leave; depart; from; change; de- -ify; _cessative_; SBJ {stopper} makes OBJ transitions from truth to falsehood",REVERSAL OF begin,
"yes; be true; be right; be correct; be happening; _positive_; OBJ {state; truth; reality} is happening {METHOD:process}",,
"no; not; be false; be wrong; be incorrect; be not happening; _negative_; OBJ {falsehood; fiction} is not happening",ANTONYM OF yes,
"happen; do; cause; pro-verb; SBJ {cause} causes OBJ {event; effect} to come true",INCOHATIVE OF yes,
"undo; OBJ happens in reverse",CESSATIVE OF yes,
"be; exist; have; equal; _copula_; OBJ exists and is the same thing as IND {AMOUNT:number; count; amount|GENITIVE:fair; uniform; equal}",,
"create; make; give; appear; produce; SBJ {creator} makes OBJ {creation} into IND {LOCATION:factory; makery; source|METHOD:recipe}",INCOHATIVE OF be,
"delete; destroy; take; disappear; SBJ {deleter; destroyer} deletes OBJ {deleted; disappeared}",CESSATIVE OF be,
"be fruitful; produce; OBJ has the capacity to produce IND",POSSIBILITY OF create,
"be barren; OBJ does not have the capacity to produce IND",ANTONYM OF be fruitful,
"till; SBJ {tiller} tills OBJ {INSTRUMENT:plow}",INCOHATIVE OF be fruitful,
"raze; destroy productive capabilities; SBJ razes OBJ",CESSATIVE OF be fruitful,
"be happening; be in progress; undergo; continue; maintain; keep; stay; _progressive_; SBJ {maintainer} makes OBJ hold true for some time",,
"repeat; do again; return to; SBJ makes OBJ happen multiple times",,
"reverse; do back; return from; SBJ makes OBJ happen and then happen in reverse",REVERSAL OF repeat,
"be possible; can; might; may; _possibility_; OBJ {possibility} can happen",,
"enable; SBJ makes OBJ become possible",INCOHATIVE OF be possible,
"prevent; SBJ makes OBJ stop being possible",CESSATIVE OF be possible,
"try; attempt; will; intend; attempt; SBJ tries to make OBJ {intention; aim; goal} happen",,
"want; desire; hunger; hope; have an appetite; OBJ {hoper; wanter; desirous; hungry} wants IND {desire; wish; hope} to happen",,
"need; require; must; be necessary; suffice; be enough; OBJ {requisite; requirement} must be true in order for IND to be true",,
"be unacceptable; be too much; be insufficient; IND cannot be true if OBJ is true",ANTONYM OF need,
"should; be fit; be good; OBJ should happen to make IND {value function; goal} be true",,
"should not; be bad; be unwise; OBJ {problem} should not happen to make IND be true",ANTONYM OF should,
"must; have to; be responsible; be obligated; OBJ is obligated to make IND {obligation; duty; responsibility; rule}",,
"assign; obligate; SBJ {assigner} makes OBJ responsible for IND happening",INCOHATIVE OF must,
"beI forbidden; beI against the rules; beI illegal; OBJ is not allowed to make IND {banned; prohibited} happen",OPPOSITE OF must,
"forbid; pass rules against; SBJ {authority} forbids OBJ from making IND happen",INCOHATIVE OF be forbidden,
"exceed; be positive; be greater; be more; be enough; be too much; OBJ is numerically greater than IND {zero; reference} {AMOUNT:numerical value; positiveness {GENITIVE:numerical; cardinal}}",,
"be negative; be less; be not enough; be too little; OBJ is numerically less than IND",ANTONYM OF exceed,
"increase; SBJ {increaser} makes OBJ increase relative to IND",INCOHATIVE OF exceed,
"decrease; SBJ {decreaser} makes OBJ decrease relative to IND",CESSATIVE OF exceed,
"be number; be in *order; be -th; index; OBJ {item; element} has a late position in IND {list; order; sequence} {AMOUNT:position; index; number {GENITIVE:ordinal}}",,
"be number from the end; be in order from the end; negatively index; OBJ has an early position in IND {AMOUNT:position from end; negative index; number from end}",ANTONYM OF be number,
"move down; position; sort; SBJ {sorter} moves OBJ down the sequence IND {sorted} {METHOD:order}",INCOHATIVE OF be number,
"move up; position; SBJ moves OBJ up the sequence IND",CESSATIVE OF be number,
"say; convey; SBJ {sayer} conveys IND {message; idea; signal; utterance} to OBJ {addressee} {INSTRUMENT:phone; cell phone; communicator; communication device|METHOD:language; protocol {GENITIVE:linguistic; lingual}}",,
"perceive; sense; beI perceptible; see; hear; feel; smell; taste; OBJ {perceiver; observer} can perceive IND {perception; experience} {INSTRUMENT:sense; sensor|GENITIVE:perceptual}",,
"show; look; listen; sniff; taste; read; SBJ {shower; looker; listener} shows IND {show} to OBJ",INCOHATIVE OF perceive,
"obscure; hide; remove; SBJ makes OBJ stop perceiving IND {obscured}",CESSATIVE OF perceive,
"see; view; OBJ {seer} sees IND {image; picture; sight; view} {GENITIVE:visual; optic}",,
"show; look; SBJ shows IND {show; visualisation} to OBJ visually",INCOHATIVE OF see,
"hide; remove from view; SBJ makes OBJ stop seeing IND",CESSATIVE OF see,
"be sighted; OBJ is sighted",POSSIBILITY OF see,
"be blind; OBJ is blind",ANTONYM OF be sighted,
"sighten; restore sight; SBJ causes OBJ to become sighted",INCOHATIVE OF be sighted,
"blind; SBJ {blinding} causes OBJ to become blind",CESSATIVE OF be sighted,
"hear; OBJ hears IND {sound; audio} {GENITIVE:auditory; acoustic}",,
"listen; SBJ shows IND to OBJ audially",INCOHATIVE OF hear,
"mute; SBJ makes OBJ stop hearing IND",CESSATIVE OF hear,
"have hearing; OBJ has hearing {INSTRUMENT:hearing aid}",POSSIBILITY OF hear,
"be deaf; OBJ is deaf",ANTONYM OF have hearing,
"hearify; restore hearing; SBJ makes OBJ able to hear",INCOHATIVE OF have hearing,
"deafen; SBJ {deafening} causes OBJ to become deaf",CESSATIVE OF have hearing,
"smell; OBJ smells IND {scent; odor; aroma; smell} {GENITIVE:olfactory}",,
"waft; sniff; smell; show aromatically; SBJ makes OBJ start smelling IND",INCOHATIVE OF smell,
"smother; suppress odor; SBJ makes OBJ stop smelling IND",CESSATIVE OF smell,
"taste; OBJ tastes IND {taste; flavour} {GENITIVE:gustatory}",,
"sample; show taste; SBJ makes OBJ start tasting IND",INCOHATIVE OF taste,
"obscure taste; SBJ makes OBJ stop tasting IND",CESSATIVE OF taste,
"feel; touch; OBJ can feel IND {GENITIVE:tactile; tactual}",,
"show tactually; SBJ shows IND to OBJ tactually",INCOHATIVE OF feel,
"hide tactually; SBJ makes OBJ stop feeling IND",CESSATIVE OF feel,
"read; load; interpret; SBJ {reader} reads OBJ {file; reading; passage; data} from the physical state of IND {source}",,
"write; record; type; save a file; SBJ {writer} encodes OBJ {writing; data} physically on IND {record} {INSTRUMENT:writing utensil|LOCATION:desk; writing surface|GENITIVE:literary; scriptural|METHOD:script; writing system; encoding}",,
"erase; overwrite; obscure; SBJ {eraser} removes traces of OBJ {erased} from IND {INSTRUMENT:eraser}",REVERSAL OF write,
"speak; voice; say out loud; SBJ says IND {quote; words; phrase; utterance; speech} to OBJ out loud {TIME:speech|INSTRUMENT:voice|GENITIVE:vocal; locutory}",,
"be tangible; be physical; be objective; OBJ {object} is tangible",,
"be abstract; be intangible; be nonphysical; OBJ {concept} is abstract",ANTONYM OF be tangible,
"print; tangiblise; soidify; SBJ {printer} brings OBJ into the physical realm",INCOHATIVE OF be tangible,
"scan; abstract; intangiblise; SBJ {scanner abstracter} takes OBJ out of the physical realm",CESSATIVE OF be tangible,
"hold; carry; have on one's person; OBJ {holder} holds IND {held; accessory}",,
"pick up; hand; grab; SBJ {hander; picker upper} puts IND in OBJ's hand",INCOHATIVE OF hold,
"put down; release; SBJ {putter downer; taker} takes IND out of OBJ's hand",CESSATIVE OF hold,
"own; have; possess; belong; OBJ {owner} owns IND {property}",,
"give; receive; obtain; transfer ownership; SBJ {giver} gives IND {gift; given} to OBJ {receiver; obtainer}",INCOHATIVE OF own,
"take; lose; give away; renounce ownership; SBJ {taker} takes IND {theft; prize; taken} from OBJ {loser}",CESSATIVE OF own,
"keep; retain ownership; SBJ lets OBJ {keeper; hoarder} keep IND {kept}",PROGRESSIVE OF own,
"accompany; come with; be together; _accompanitive_; OBJ {accompaniment; companion; mate; partner; company} accompanies SBJ {accompanied}",,
"be between; be among; OBJ exists in the space encompassed by the elements of IND {bounds}",,
"be sure; beI probable; beI likely; OBJ is likely to happen according to IND; see ""seem"" and ""appear"" {AMOUNT:Bayesian probability}",,
"be skeptical; beI improbable; beI unlikely; Bayesian improbability; IND is unlikely to happen according to OBJ {skeptic}",ANTONYM OF be sure,
"convince; become sure; SBJ provides new information that leads OBJ to come to find IND probable",INCOHATIVE OF be sure,
"unconvince; become skeptical; SBJ provides new information that leads IND comes to beI OBJ improbable",CESSATIVE OF be sure,
"seem; believe; OBJ {believer} accepts that IND {seeming} is true on a subconcious level; see ""be sure"" and ""appear""",,
"appear; think; OBJ {thinker; accepter} conciously decides that IND {apparent} is true; see ""be sure"" and ""seem""",,
"recall; remind; remember; jog memory; SBJ {mnemonic} helps OBJ {recaller} recall IND {factoid; datum} from memory",,
"can remember; know; OBJ {knowledgable; smart} has IND stored in memory",POSSIBILITY OF recall,
"memorize; drill; remind; SBJ {driller; crammer; memorizer} makes OBJ memorize IND",INCOHATIVE OF can remember,
"forget; erase memory; SBJ {mind-eraser} makes OBJ forget IND",CESSATIVE OF can remember,
"understand; comprehend; beI sensical; know; OBJ {understander; smart} understands IND {understood} well {AMOUNT:level of understanding}",,
"misunderstand; be confused; beI cryptic; OBJ does not understand IND {misunderstood} well",ANTONYM OF understand,
"explain; SBJ {teacher} teaches OBJ {student} to understand IND",INCOHATIVE OF understand,
"confuse; unlearn; SBJ {confuser} makes OBJ stop understanding IND",CESSATIVE OF understand,
"know; be informed; OBJ {knower; smart} remembers IND {knowledge}, believes and thinks it to be true, and correctly understands why it is true",,
"teach; learn; study; beI out; SBJ {teacher; professor; master} teaches IND to OBJ {student; learner} {LOCATION:school; college; university|TIME:lesson; education}",INCOHATIVE OF know,
"unteach; unlearn; SBJ {unteacher} makes IND {unlearner} unlearn what they thought they knew about OBJ",CESSATIVE OF know,
"be familiar with; IND {familiar to; accquaintance; famous; notorious} is familiar to OBJ",,
"be unfamiliar with; be strange; be foreign; IND {unfamiliar to; stranger} is unfamiliar to OBJ",ANTONYM OF be familiar with,
"familiarise; SBJ {familiariser} makes OBJ become familiar with IND",INCOHATIVE OF be familiar with,
"unfamiliarise; SBJ {unfamiliariser} makes OBJ become unfamiliar with IND",CESSATIVE OF be familiar with,
"be friendly; be nice; be kind; OBJ considers IND {friend} a friend {AMOUNT:friendliness; amity}",,
"be hostile; be mean; be harsh; OBJ is hostile toward IND {enemy; infamous}",ANTONYM OF be friendly,
"befriend; introduce; soften; SBJ {friend-arranger} makes OBJ become friends with IND",INCOHATIVE OF be friendly,
"drive apart; aggravate; SBJ {enemy-maker} makes OBJ become hostile toward IND",CESSATIVE OF be friendly,
"love; be infatuated; OBJ {lover} is in love with IND {love} {TIME:romance}",,
"set up; fall in love; introduce; infatuate; SBJ {matchmaker; cupid} makes OBJ fall in love with IND",,
"relate; OBJ {relatee} is genetically related to IND {relative; kin; blood}",,
"like; be good; favour; be appealing; be pleasing; be beautiful; be delicious; be positive; OBJ {liker; optimist; -phile} likes IND {preference; favourite} {AMOUNT:goodness; preference level|LOCATION:heaven}",,
"dislike; be bad; disfavour; be unappealing; be displeasing; be ugly; be gross; be negative; OBJ {pessimist; -phobe} dislikes IND {anathema; least favourite} {LOCATION:hell}",ANTONYM OF like,
"improve; defend; argue for; SBJ {improver} raises OBJ's opinion of IND",INCOHATIVE OF like,
"worsen; insult; argue against; SBJ {worsener} lowers OBJ's opinion of IND",CESSATIVE OF like,
"be old; OBJ {elder; senior; adult; grown-up} is old {AMOUNT:age}",,
"be young; OBJ {kid; girl; boy} is young",ANTONYM OF be old,
"age; olden; SBJ {ager; Father Time} makes OBJ get older",INCOHATIVE OF be old,
"age backward; youngen; SBJ {youngener} makes OBJ get younger",CESSATIVE OF be old,
"be late; be after; be tardy; positive time; OBJ {future} happens after IND {AMOUNT:time; amount of time; duration}",,
"be early; be before; be timely; negative time; OBJ {past} happens before IND",ANTONYM OF be late,
"laten; delay; postpone; travel forward through time; SBJ {postponer} pushes OBJ forward through time",INCOHATIVE OF be late,
"pass; advance; travel back in time; SBJ {time machine} causes OBJ {passing; present} to become before IND",CESSATIVE OF be late,
"be big; be large; be spacious; OBJ has a high volume {AMOUNT:size; volume}",,
"be small; be little; OBJ has a low volume",ANTONYM OF be big,
"grow; expand; dilate; SBJ {grower} grows OBJ",INCOHATIVE OF be big,
"shrink; contract; constrict; SBJ {shrinker} shrinks OBJ",CESSATIVE OF be big,
"be long; be tall; OBJ (protrusion; length) is long {AMOUNT:length; maximum physical dimension; length of time}",,
"be short; OBJ {nub; knob} is short",ANTONYM OF be long,
"lengthen; grow; SBJ {lengthener} lengthens OBJ",INCOHATIVE OF be long,
"shorten; shrink; SBJ {shortener} shortens OBJ",CESSATIVE OF be long,
"be broad; OBJ {ribbon; blade} is broad {AMOUNT:breadth; middle dimension}",,
"be narrow; OBJ is narrow",ANTONYM OF be broad,
"broaden; SBJ {broadener} broadens OBJ",INCOHATIVE OF be broad,
"narrow; SBJ {narrower} narrows OBJ",CESSATIVE OF be broad,
"be thick; OBJ {slab} is thick {AMOUNT:thickness; minimum dimension}",,
"be thin; OBJ {film} is thin",ANTONYM OF be thick,
"thicken; SBJ {thickener} thickens OBJ",INCOHATIVE OF be thick,
"thin; SBJ {thinner} thins OBJ",CESSATIVE OF be thick,
"be far; be distant; be beyond; be not at all; OBJ is physically or numerically far from IND {AMOUNT:distance}",,
"be near; be close; be before; be approximately; be like; OBJ is physically or numerically close to IND",ANTONYM OF be far,
"distance; move away; separate; SBJ {separator} distances OBJ from IND",INCOHATIVE OF be far,
"approach; move toward; meet; draw close; put together; SBJ {joiner} moves OBJ toward IND {TIME:meeting}",CESSATIVE OF be far,
"keep apart; separate; divide; SBJ {wall; barrier} separates OBJ {other side} from IND",PROGRESSIVE OF be far,
"be in front; be forward; be between; OBJ {field of view; shield} has a positive _y_ coordinate from IND's point of view {AMOUNT:_y_ coordinate}",,
"be behind; be backward; OBJ {back} has a negative _y_ coordinate from IND's point of view",ANTONYM OF be in front,
"advance; move forward; SBJ {advancer} makes OBJ move forward from IND's point of view",INCOHATIVE OF be in front,
"retreat; move backward; SBJ {retreater} makes OBJ move backward from IND's point of view",CESSATIVE OF be in front,
"follow; trail; SBJ makes OBJ {follower; tail} follow IND {followed}",PROGRESSIVE OF be behind,
"be right; OBJ {right side} has a positive _x_ coordinate from IND's point of view {AMOUNT:_z_ coordinate}",,
"be left; OBJ {left side} has a negative _x_ coordinate from IND's point of view",ANTONYM OF be right,
"move right; SBJ makes OBJ move right from IND's point of view",INCOHATIVE OF be right,
"move left; SBJ makes OBJ move left from IND's point of view",CESSATIVE OF be right,
"be wide; be obtuse; be big; be large; OBJ {splotch; blotch} spans a wide angle from the point of view of IND {AMOUNT:angle;angular size}",,
"be narrow; be acute; be small; be little; OBJ {dot; point} spans a narrow angle from the point of view of IND {edge; blade; corner}",ANTONYM OF be wide,
"widen; grow; spread out; dilate; SBJ makes OBJ span a wider angle from the point of view of IND",INCOHATIVE OF be wide,
"narrow; shrink; contract; SBJ makes OBJ span a smaller angle from the point of view of IND",CESSATIVE OF be wide,
"be below; be down; SBJ {header; top} appears below OBJ from the point of view of IND {AMOUNT:altitude angle; distance down page}",,
"be above; be up; SBJ {footer; bottom} appears below OBJ from the point of view of IND",ANTONYM OF be below,
"sink; SBJ {lowerer} makes OBJ appear to move down from the point of view of IND",INCOHATIVE OF be below,
"raise; rise; SBJ {raiser} makes OBJ appear to move up from the point of view of IND",CESSATIVE OF be below,
"be starboard; be right; OBJ appears on IND's right {AMOUNT:bearing; azimuth angle; distance across page}",,
"be port; be left; OBJ appears on IND's left",ANTONYM OF be starboard,
"move starboard; move right; SBJ moves OBJ to IND's right",INCOHATIVE OF be starboard,
"move port; move left; SBJ moves OBJ to IND's left",CESSATIVE OF be starboard,
"be counterclockwise; be widdershins; OBJ appears rotated counterclockwise from the orientation IND {original orientation; right-side up} from the point of view of IND {AMOUNT:orientation; rotation}",,
"be clockwise; OBJ appears rotated clockwise from the orientation OBJ from the point of view of IND",ANTONYM OF be counterclockwise,
"rotate counterclockwise; SBJ {counterclockwise turner} turns OBJ counterclockwise from IND's point of view",INCOHATIVE OF be counterclockwise,
"rotate clockwise; SBJ {clockwise turner} turns OBJ clockwise from IND's point of view",CESSATIVE OF be counterclockwise,
"be low; be under; OBJ {ground; earth; depths; underlayer} has a lower altitude than IND {standard altitude; usually sea level} {AMOUNT:lowness; deelevation; altitude; layer}",,
"be high; be over; OBJ {sky; cosmos} has a higher altitude than IND",ANTONYM OF be low,
"lower; SBJ {lowerer} decreases OBJ's altitude relative to IND",INCOHATIVE OF be low,
"heighten; SBJ {raiser} increases OBJ's altitude relative to IND",CESSATIVE OF be low,
"be south; OBJ has a lower latitude than IND {standard parallel; usually the North Pole} {AMOUNT:latitude}",,
"be north; OBJ has a higher latitude than IND",ANTONYM OF be south,
"move south; SBJ decreases the latitude of OBJ relative to IND",INCOHATIVE OF be south,
"move north; SBJ increases the latitude of OBJ relative to IND",CESSATIVE OF be south,
"be east; OBJ has a higher longitude than IND {standard meridian; prime meridian} {AMOUNT:longitude}",,
"be west; OBJ has a lower longitude than IND",ANTONYM OF be east,
"move east; SBJ increases the longitude of OBJ relative to IND",INCOHATIVE OF be east,
"move west; SBJ decreases the longitude of OBJ relative to IND",CESSATIVE OF be east,
"be dense; be frequent; be common; be tightly packed; be fine; OBJ occurs frequently and close together",,
"be sparse; be infrequent; be uncommon; be loosely distributed; be coarse; OBJ is few and far between",ANTONYM OF be dense,
"gather; collect; densify; SBJ increases the spacial frequency of OBJ",INCOHATIVE OF be dense,
"spread out; separate; SBJ decreases the spacial frequency of OBJ",CESSATIVE OF be dense,
"face; point; OBJ {direction} is oriented in the direction toward IND {target; front}",,
"turn; face; point; SBJ {pointer} makes OBJ {turner} turn toward IND",INCOHATIVE OF face,
"turn away; avert; SBJ makes OBJ turn away from IND",CESSATIVE OF face,
"be moral; be right; be good; if OBJ {good deed; moral} happens, it will be morally good {AMOUNT:morality; goodness}",,
"be evil; be immoral; be wrong; be bad; if OBJ {evil; sin} happens, it will be morally bad",ANTONYM OF be moral,
"rectify; turn good; SBJ makes OBJ become moral",INCOHATIVE OF be moral,
"wrong; turn evil; SBJ makes OBJ become evil",CESSATIVE OF be moral,
"be skillful; be apt; be effective; be good; OBJ is good at causing IND {AMOUNT:skill level}",,
"be inept; be unskillful; be ineffective; be bad; OBJ is bad at causing IND",ANTONYM OF be skillful,
"train; teach; SBJ {trainer} makes OBJ {trainee} become skillful at IND",INCOHATIVE OF be skillful,
"untrain; forget; become rusty; SBJ {untrainer} makes OBJ {rusty} become unskillful at IND",CESSATIVE OF be skillful,
"work; work hard; be productive; OBJ {worker} is working hard on IND {job; work} {LOCATION:workplace; workstation; office}",,
"be unproductive; be lazy; OBJ is working little on IND {neglected}",ANTONYM OF work,
"put to work; make productive; employ; SBJ makes OBJ start working on IND",INCOHATIVE OF work,
"retire; give up; make unproductive; fire; SBJ makes OBJ become unproductive at IND",CESSATIVE OF work,
"notice; be aware; OBJ {noticer} is conciously aware of the presence of IND {noticed}",,
"be oblivious; be unaware; OBJ fails to notice the presence of IND {inconspicuous; stealthy}",ANTONYM OF notice,
"call attention; point out; notice; SBJ {attention caller} calls OBJ's attention to IND",INCOHATIVE OF notice,
"hide; obscure; SBJ {hider; obscurer} hides IND from OBJ",CESSATIVE OF notice,
"mean; call; OBJ {name; signal; word} means IND {definition; meaning; denotation}",,
"define; name; SBJ {definer; dictionary; convention; protocol} declares that OBJ means IND",,
"be alive; be lively; OBJ {life; organism; living thing} is alive {AMOUNT:liveliness|TIME:life}",,
"be dead; be unlively; OBJ {corpse} is dead {TIME:death}",ANTONYM OF be alive,
"bring to life; come to life; SBJ brings OBJ to life",INCOHATIVE OF be alive,
"kill; murder; die; pass away; SBJ {killer; murderer} kills OBJ",CESSATIVE OF be alive,
"be on; be animate; be active; be open; OBJ is turned on",,
"be off; be inanimate; be passive; be closed; OBJ is turned off",ANTONYM OF be on,
"turn on; animate; activate; SBJ {activator} turns on OBJ",INCOHATIVE OF be on,
"turn off; deactivate; SBJ {deactivator} turns off OBJ",CESSATIVE OF be on,
"save; rescue; sustain; SBJ {saver; life support} keeps OBJ from dying",PROGRESSIVE OF be alive,
"convert; translate; transform; SBJ {converter; translator} conveys OBJ in the form IND {METHOD:transformation}",,
"wear; be clothed; OBJ wears IND {clothing; clothes; article}",,
"put on; dress; robe; SBJ {dresser} puts IND on OBJ {dressee}",INCOHATIVE OF wear,
"take off; undress; disrobje; SBJ {undresser} takes IND off of OBJ {undressee}",CESSATIVE OF wear,
"be stable; be constant; be permanent; OBJ does not change",,
"be changing; be unstable; be transient; be temporary; be in flux; OBJ is changing",ANTONYM OF be stable,
"freeze; pause; hold; stay; keep; SBJ makes OBJ stop changing",INCOHATIVE OF be stable,
"change; SBJ {changer} changes the state of OBJ",CESSATIVE OF be stable,
"move; jostle; be energetic; be restless; OBJ is deforming and moving {AMOUNT:motion; energy}",,
"be still; be unenergetic; OBJ is motionless in place",ANTONYM OF move,
"set off; set in motion; move; energise; SBJ {motor; mover} makes OBJ start moving",INCOHATIVE OF move,
"stop; still; settle; deenergise; SBJ {brake} makes OBJ stop moving",CESSATIVE OF move,
"be mobile; be movable; OBJ can move",POSSIBILITY OF move,
"be stuck; stick; be immobile; OBJ {sticker} is stuck to IND",ANTONYM OF be mobile,
"unstick; mobilise; extricate; SBJ makes OBJ stop being stuck to IND",INCOHATIVE OF be mobile,
"stick to; demobilise; trap; SBJ sticks OBJ to IND",CESSATIVE OF be mobile,
"walk; step; SBJ walks on OBJ {path; walk}",,
"run; SBJ runs on OBJ {treadmill}",,
"fall; be falling; OBJ moves uncontrollably under gravitational forces",,
"drop; fall; SBJ {dropper} makes OBJ {dropped; fallen} start falling",INCOHATIVE OF fall,
"catch; fall on; land; stop; SBJ {catcher; landing} makes OBJ {caught} stop falling",CESSATIVE OF fall,
"be on; rest on; support; OBJ {at *rest; on top} is on IND {table; ground; floor; support}",,
"roll; be rolling; OBJ {wheel; roller} is rolling",,
"start rolling; roll from; SBJ {roller} makes OBJ start rolling",INCOHATIVE OF roll,
"stop rolling; roll into; SBJ makes OBJ stop rolling",CESSATIVE OF roll,
"be inside; contain; be inner; be central; OBJ {indoors; room; content; center; heart; bowels} is inside IND {container} {AMOUNT:innerness}",,
"be outside; be outer; OBJ {outdoors; edge; fringe} is outside of IND",ANTONYM OF be inside,
"enter; put in; SBJ moves OBJ into IND",INCOHATIVE OF be inside,
"exit; release; SBJ moves OBJ out of IND",CESSATIVE OF be inside,
"be quiet; dim; soft; faint; weak; OBJ is quiet",ono [ʃː],cisas
"be loud; be bright; be strong; OBJ is bright {AMOUNT:volume; amplitude; brightness}",fusas,ANTONYM OF be quiet
"dampen; quiet; dim; soften; weaken; SBJ {damper} dampens OBJ",INCOHATIVE OF be quiet,
"amplify; louden; brighten; strengthen; SBJ {amplifier} amplifies OBJ",CESSATIVE OF be quiet,
"eat; drink; SBJ {eater} eats OBJ {food; drink; meal} {TIME:meal; mealtime|INSTRUMENT:eating utensil; silverware}",ono [njam njam],njamjac
"be part; be in; compose; contain; comprise; include; OBJ {piece; element} is part of IND {group; whole; set; party; association; organisation}",,
"join; incorporate; add; append; SBJ {joiner} makes OBJ join IND",INCOHATIVE OF be part,
"leave; separate; remove; SBJ {remover} makes OBJ leave IND",CESSATIVE OF be part,
"surround; cover; OBJ {surroundings; cover; environment} covers most of IND {surrounded; covered} {AMOUNT:coverage}",,
"leave bare; expose; leave open; OBJ covers little of IND {bare; open; exposed}",ANTONYM OF surround,
"surround; cover; SBJ {coverer} surrounds OBJ with IND",INCOHATIVE OF surround,
"uncover; bare; expose; open; SBJ {uncoverer} makes OBJ stop surrounding IND",CESSATIVE OF surround,
"be typical; exemplify; qualify; the type of OBJ {instance; example} is IND {category; class; kind; type}",,
"categorise; classify; SBJ places OBJ as an instance of IND",INCOHATIVE OF be typical,
"disqualify; declassify; SBJ makes OBJ not be an instance of IND",CESSATIVE OF be typical,
"beI in *control; beI in charge; beI powerful; depend; IND {oppressor; controller; leader} controls OBJ {oppressed; dependent} {TIME:oppression}",,
"be free; be independent; beI weak; IND cannot tell OBJ what to do",ANTONYM OF be in control,
"take control; capture; give control; put in charge; SBJ {capturer} puts IND in control of OBJ {captured}",INCOHATIVE OF be in control,
"lose control; release; free; SBJ {releaser} releases OBJ {freed} from IND's control",CESSATIVE OF be in control,
"obey; command; follow; lead; SBJ {obedient; follower} does OBJ {order; command} because IND {leader; commander; manager; authority} said to do it",,
"care; matter; beI important; hold dear; OBJ {caring; passionate} cares about IND {main; primary}",,
"beI unimportant; be indifferent; ignore; OBJ does not care about IND {fringe; secondary}",ANTONYM OF care,
"make important; persuade to care; SBJ makes OBJ care about IND",INCOHATIVE OF care,
"make unimportant; persuade not to care; SBJ makes OBJ stop caring about IND",CESSATIVE OF care,
"be simple; be basic; OBJ is simple",,
"be complex; be complicated; OBJ {system} is complex",ANTONYM OF be simple,
"simplify; SBJ {simplifier} simplifies OBJ",INCOHATIVE OF be simple,
"complicate; SBJ {complicater} complicates OBJ",CESSATIVE OF be simple,
"govern; administer; have citizenship; IND {government {GENITIVE:public}} serves as the governing body to OBJ {citizen; governed; people}",,
"take over; elect; come to power; conquer; annex; SBJ makes IND become the government of OBJ",INCOHATIVE OF govern,
"secede; collapse; impeach; SBJ makes IND stop governing OBJ",CESSATIVE OF govern,
"be clean; be sanitary; OBJ is clean",,
"be unclean; be dirty; be filthy; be grimy; be gross; be unsanitary; OBJ {filth} is unclean",ANTONYM OF be clean,
"clean; sanitise; SBJ {cleaner} cleans OBJ {INSTRUMENT:cleaning utensil}",INCOHATIVE OF be clean,
"dirty; grime; desanitise; SBJ {dirtier} makes OBJ unclean",CESSATIVE OF be clean,
"be neat; be orderly; be organised; be clean; be tidy; OBJ is neat",,
"be chaotic; be disorganised; be messy; be in disarray; be askance; OBJ is chaotic",ANTONYM OF be neat,
"order; organise; clean; tidy; sort; put in order; SBJ {organiser; cleaner; tidier} puts OBJ in order {INSTRUMENT:organisation tool}",INCOHATIVE OF be neat,
"disorganise; mess up; disrupt; trash; SBJ {disorganiser; trasher} puts OBJ into chaos",CESSATIVE OF be neat,
"stand structurally; OBJ {*structure; building} stands structurally",,
"construct; build; assemble; erect; SBJ {constructor} constructs OBJ {TIME:construction; assembly|INSTRUMENT:construction tool}",INCOHATIVE OF stand structurally,
"deconstruct; disassemble; demolish; take apart; SBJ {deconstructor} deconstructs OBJ {TIME:deconstruction; disabssembly}",CESSATIVE OF stand structurally,
"sell; buy; vend; purchase; IND {buyer; customer} legally obtains SBJ {good; service} from IND {vendor; salesperson {GENITIVE:private}} {TIME:financial transaction|INSTRUMENT:money; currency}",,
"plan; expect; OBJ {expecting} expects IND {plan; expectation} to happen {INSTRUMENT:planner; planning tool}",,
"deduce; compute; *reason; be reasonable; be logical; figure; figure out; compute; think through; SBJ {reasonable} logically deduces OBJ {conclusion; computation}",,
"act crazy; be unreasonable; be illogical; jump to conclusion; guess; SBJ {unreasonable; crazy} comes to the conclusion OBJ without any logic",OPPOSITE OF deduce,
"think of; come up with; SBJ {creative; clever; idea person} thinks of OBJ {idea; thought} {CAUSE:inspiration}",,
"ponder; think about; imagine; consider; SBJ {thinker} is thinks about OBJ {train of thought} {INSTRUMENT:mind; soul; imaaagination}",,
"be ahead; have progress; OBJ is ahead of IND {AMOUNT:progress}",,
"be behind; lag; OBJ has fallen behind IND",ANTONYM OF be ahead,
"pull ahead; progress; make progress; gain; SBJ pushes OBJ's progress ahead relative to IND",INCOHATIVE OF be ahead,
"fall behind; lose progress; lose; SBJ pulls OBJ's progress backward relative to IND",CESSATIVE OF be ahead,
"experience; put through; pass; spend; be sentient; SBJ makes OBJ {experiencer} experience IND {experience}",,
"apply; the subject is a process, the direct object is something that undergoes that process",,
"be fast; be quick; be frequent; OBJ progresses, oscillates, or decays quickly {AMOUNT:speed; frequency}",,
"be slow; be gradual; be periodic; OBJ progresses, oscillates, or decays slowly {AMOUNT:period; time constant}",ANTONYM OF be fast,
"be heavy; weigh; be massive; OBJ {weight; heavyweight} is heavy {AMOUNT:weight; mass}",,
"be light; OBJ {lightweight} is light",ANTONYM OF be heavy,
"weight; weigh; burden; SBJ weighs down OBJ",INCOHATIVE OF be heavy,
"lighten; SBJ lightens OBJ",CESSATIVE OF be heavy,
"be high-pitched; be *shrill; OBJ {high note} is highly pitched {AMOUNT:pitch; frequency}",,
"be low-pitched; be deep; be sonorous; OBJ {low note} is lowly pitched",,
"raise; pitch up; modulate; SBJ raises the pitch of OBJ",INCOHATIVE OF be high-pitched,
"lower; deepen; SBJ lowers the pitch of OBJ",CESSATIVE OF be low-pitched,
"be rhythmic; pulse; oscillate; flash; beat; SBJ {rhythm; routine} happens rhythmically",ono [dudum dudum],tawmtawm
"beI easy; beI convenient; IND is easy to OBJ",,
"beI difficult; beI hard; beI inconvenient; IND is hard for OBJ",ANTONYM OF be easy,
"facilitate; convenience; make easy; SBJ makes IND easier for OBJ",INCOHATIVE OF be easy,
"defacilitate; inconvenience; make difficult; SBJ makes IND harder for OBJ",cessatvie of ""be easy"",
"party; throw party; play; hang out; SBJ {partier; host} initiates a social gathering with OBJ {partygoer; atendee} {TIME:party}",,
"storytell; SBJ {storyteller} tells OBJ {*story; tale} to IND {audience; listener} {TIME:storytime}",,
"stand; be erect; OBJ {standing} is standing {METHOD:posture}",,
"stand up; erect; SBJ {stand} stands up OBJ",INCOHATIVE OF stand,
"lie; be prone; OBJ {lying down} is prone",OPPOSITE OF stand,
"lie down; knock over; SBJ lays down OBJ",INCOHATIVE OF lie,
"sit; OBJ {sitting} is sitting",,
"sit down; SBJ {sitter} sits down OBJ",INCOHATIVE OF sit,
"take care; support; be careful; OBJ {caretaker} takes care of IND {dependent; cared for}",,
"entrust; take charge; SBJ {entruster} makes OBJ start taking care of IND",,
"abandon; take away; SBJ makes OBJ {abandoner} stop taking care of IND",,
"deal; have deal; do business; OBJ {dealer} has a deal with IND {business; beauracracy; business partner} {TIME:business relationship|METHOD:agreement; deal}",,
"strike deal; make deal; do business; negotiate; SBJ {negotiator} causes OBJ to come to a business agreement with IND",,
"break deal; violate agreement; cut ties; SBJ {deal breaker} causes business to cease between OBJ and IND {ex-business partner}",,
"watch",,
"foundation-form",,
"build off",,
"encourage",,
"test",,
"visit",,
"orthogonal; straightness, evenness",,
"skew",,
"return",,
"mind",,
"bureaucrate; be a bureaucrat in a bureaucracy",,
"record",,
"remember; to do something",,
"share",,
"hog",,
"decide",,
"subject; focus on",,
"ignore",,
"divide; into the direct object",,
"combine",,
"leisure",,
"be full; OBJ is full of IND",,
"be empty; be blank; OBJ {void; vacuum} is empty of IND",ANTONYM OF be full,
"fill",INCOHATIVE OF be full,
"empty; clear",CESSATIVE OF be full,
"be coloured; have colour; IND {colour} is the colour of OBJ",,
"colour; shade; SBJ {colourer} colours OBJ IND",INCOHATIVE OF be coloured,
"be red; OBJ reflects low wavelength light {AMOUNT:redness}",,
"be aqua; be cyan; be sky blue; OBJ reflects medium and long wavelength light",ANTONYM OF be red,
"redden; colour red; SBJ colours OBJ red",INCOHATIVE OF be red,
"colour aqua; SBJ colours OBJ aqua",""CESSATIVE OF be red,
"be green; OBJ reflects medium wavelength light {AMOUNT:greenness}",,
"be fuchsia; be magenta; be pink; OBJ reflects short and long wavelength light",ANTONYM OF be green,
"green; colour green; SBJ colours OBJ green",INCOHATIVE OF be green,
"colour fuchsia; SBJ colours OBJ fuchsia",CESSATIVE OF be green,
"be blue; OBJ reflects short wavelength light {AMOUNT:blueness}",,
"be yellow; OBJ reflects short and medium wavelength light",ANTONYM OF be blue,
"colour blue; SBJ colours OBJ blue",INCOHATIVE OF be blue,
"colour yellow; SBJ colours OBJ yellow",CESSATIVE OF be blue,
"be white; be light; be fair; OBJ reflects all wavelengths of light {AMOUNT:whiteness; value}",,
"be black; be dark; be tan; OBJ reflects no wavelengths of light",ANTONYM OF be white,
"whiten; lighten; dodge; SBJ lightens OBJ",INCOHATIVE OF be white,
"blacken; darken; shade; tan; SBJ darkens OBJ",CESSATIVE OF be white,
"be grey; be dull; be bland; be desaturated; OBJ reflects all wavelengths of light about the same",,
"be brightly coloured; be saturated; be colourful; be vibrant; OBJ reflects some wavelengths of light much more than others {AMOUNT:chroma; saturation; brightness}",ANTONYM OF be grey,
"colour grey; SBJ desaturates the colours of OBJ",INCOHATIVE OF be grey,
"colour; SBJ brightens the colours of OBJ",CESSATIVE OF be grey,
"be brown; be murkey; OBJ looks brown",,
"brown; colour brown; SBJ colours OBJ brown",INCOHATIVE OF be brown,
"be opaque; OBJ absorbs light that it does not reflect {AMOUNT:opacity}",,
"be transparent; be see-through; OBJ {window} lets unreflected light pass through it",ANTONYM OF be opaque,
"opaquify; SBJ make OBJ become opaque",INCOHATIVE OF be opaque,
"transparify; SBJ makes OBJ become transparent",CESSATIVE OF be opaque,
"be shiny; be reflective; be smooth; OBJ {mirror} reflects light specularly {AMOUNT:shininess}",,
"be matte; be dull; be rough; OBJ reflects light diffusely",ANTONYM OF be shiny,
"shine; polish; SBJ makes OBJ become shiny",INCOHATIVE OF be shiny,
"matte; SBJ makes OBJ become matte",CESSATIVE OF be shiny,
"be sweet; be sweetened; OBJ {candy} is sweet {AMOUNT:sweetness}",,
"be unsweet; be unsweetened; OBJ is not sweet",ANTONYM OF be sweet,
"sweeten; SBJ makes OBJ become sweet",INCOHATIVE OF be sweet,
"unsweeten; SBJ makes OBJ less sweet",CESSATIVE OF be sweet,
"be bitter; OBJ is bitter {AMOUNT:bitterness}",,
"be unbitter; OBJ is not bitter",ANTONYM OF be bitter,
"bitter; SBJ makes OBJ become bitter",INCOHATIVE OF be bitter,
"debitter; SBJ makes OBJ less bitter",CESSATIVE OF be bitter,
"be salty; OBJ is salty {AMOUNT:saltiness; salt}",,
"be unsalty; OBJ is not salty",ANTONYM OF be salty,
"salt; SBJ makes OBJ become salty",INCOHATIVE OF be salty,
"desalt; purify; SBJ makes OBJ less salty",CESSATIVE OF be salty,
"be sour; OBJ is sour {AMOUNT:sourness}",,
"be unsour; OBJ is not sour",ANTONYM OF be sour,
"sour; SBJ makes OBJ become sour",INCOHATIVE OF be sour,
"desour; SBJ makes OBJ less sour",CESSATIVE OF be sour,
"be savoury; have umami; OBJ is savoury {AMOUNT:savouriness; umami}",,
"make savoury; SBJ makes OBJ become savoury",INCOHATIVE OF be savoury,
"make less savoury; SBJ makes OBJ less savoury",CESSATIVE OF be savoury,
"be spicy; be hot; OBJ is spicy {AMOUNT:spiciness; spice; heat}",,
"be mild; be cool; OBJ is not spicy",ANTONYM OF be spicy,
"spice; SBJ makes OBJ become spicy",INCOHATIVE OF be spicy,
"mild; cool; despice; SBJ makes OBJ become less spicy",CESSATIVE OF be spicy,
"be shaped; be shaped like; OBJ {sculpture} is shaped like IND {shape}",,
"be formless; be amorphous; OBJ {blob} has no well-defined shape",antoynm of ""be shaped"",
"shape; form; sculpt; SBJ {shaper; sculptor} shapes OBJ into IND",INCOHATIVE OF be shaped,
"deform; SBJ makes OBJ {deformed} lose its shape",CESSATIVE OF be shaped,
"be circular; be round; OBJ {circle} is circular",,
"circularise; round; circle; SBJ turns OBJ into a circle",INCOHATIVE OF be circular,
"be square; be rectangular; OBJ {rectangle; square; box} is rectangular",OPPOSITE OF be circular,
"square; rectify; SBJ makes OBJ into a rectangle",INCOHATIVE OF be square,
"be closed; be hollow; be looped; be complete; OBJ {shell; loop; circuit; circle; closed path; closed surface} is closed",,
"be open; OBJ is open",ANTONYM OF be closed,
"close; shut; SBJ {closer} closes OBJ",INCOHATIVE OF be closed,
"open; SBJ {opener} opens OBJ",CESSATIVE OF be closed,
"be cupped; be U-shaped; be open; be confined; OBJ {cup; bowl; corner; bay; bay; dip; U; open container} is open on one side and closed on the others",,
"cup; dig; divot; carve out; SBJ makes OBJ be open on one side",INCOHATIVE OF be cupped,
"be powder; be fine; OBJ is a powder",,
"pulverise; powder; SBJ {pulveriser} turns OBJ into a powder",INCOHATIVE OF be powder,
"be chunky; be a pile; be bits; OBJ {gravel; cereal} comprises small chunky bits",,
"chunk; grind; pile; SBJ {chunker} turns OBJ into a pile of chunky bits",INCOHATIVE OF be chunky,
"be straight; be linear; be flat; OBJ {line; plane; straightedge} is straight",,
"be wavy; be curly; be bent; be bumpy; OBJ {squiggle; wave; curl} is wavy",ANTONYM OF be straight,
"straighten; flatten; SBJ {straightener; flattener} straightens OBJ",INCOHATIVE OF be straight,
"bend; curl; SBJ {bender; curler} bends OBJ",CESSATIVE OF be straight,
"be damaged; be hurt; be in tatters; OBJ is damaged",,
"damage; hurt; harm; SBJ {harmer} damages OBJ",INCOHATIVE OF be damaged,
"repair; mend; fix; clean; SBJ {repairperson} repairs OBJ",CESSATIVE OF be damaged,
"be susceptible; be vulnerable; be exposed; SBJ can harm OBJ",POSSIBILITY OF damage,
"be invulnerable; be invincible; be durable; SBJ cannot harm OBJ",ANTONYM OF be susceptible,
"vulnerate; expose; lower defenses; SBJ makes OBJ vulnerable to IND",INCOHATIVE OF be susceptible,
"protect; defend; guard; SBJ {protection; defense; guard} prevents IND from harming OBJ",CESSATIVE OF be susceptible,
"be broken; be in pieces; OBJ has broken into multiple pieces",,
"break; shatter; destroy; SBJ {breaker} breaks OBJ into multiple pieces",INCOHATIVE OF be broken,
"mend; fix; put back together; SBJ {fixer} puts OBJ back together",CESSATIVE OF be broken,
"be made out of; comprise; OBJ is made out of IND {material; substance; element}",,
"be solid; be rigid; be firm; OBJ {rigid body} is solid {AMOUNT:solidity; rigidity}",,
"be fluid; be amorphous; OBJ is fluid",ANTONYM OF be solid,
"freeze; solidify; deposit; SBJ {freezer} freezes OBJ {frozen; ice} {INSTRUMENT:freezer}",INCOHATIVE OF be solid,
"melt; sublimate; SBJ {melter} melts OBJ {molten}",CESSATIVE OF be solid,
"be liquid; OBJ {water; puddle} is liquid {AMOUNT:liquidity; wetness}",,
"be gaseous; OBJ {gas; cloud} is gaseous",ANTONYM OF be liquid,
"condense; liquidify; SBJ {condenser} condenses OBJ {condensed; cloud} into a liquid",INCOHATIVE OF be liquid,
"boil; evaporate; SBJ {boiler} boils OBJ",CESSATIVE OF be liquid,
"be loose; be movable; be portable; OBJ moves around easily",POSSIBILITY OF move,
"be tight; be immovable; be fixed; OBJ does not move easily",ANTONYM OF be loose,
"loosen; SBJ {loosener} makes OBJ looser",INCOHATIVE OF be loose,
"tighten; SBJ {tightener} makes OBJ tighter",CESSATIVE OF be loose,
"be flimsy; be flexible; be loose; OBJ bends easily",POSSIBILITY OF bend,
"be rigid; be solid; be hard; be brittle; be firm; OBJ does not bend",ANTONYM OF be flimsy,
"flimse; SBJ {loosener} makes OBJ more flimsy",INCOHATIVE OF be flimsy,
"rigidify; brace; harden; SBJ {strengthener; bracer; hardener} makes OBJ more rigid",CESSATIVE OF be flimsy,
"be structurally weak; be crumbly; OBJ is easy to break",POSSIBILITY OF break,
"be structurally strong; be durable; OBJ is difficult to break {AMOUNT:structural integrity; strength; durability}",ANTONYM OF be structurally weak,
"weaken; compromise; sabotage; SBJ {weakener; saboteur} makes OBJ structurally weaker",INCOHATIVE OF be structurally weak,
"strengthen; brace; glue; SBJ {strengthener} makes OBJ structurally stronger",CESSATIVE OF be structurally weak,
"be viscous; be thick; OBJ {paste; gel; goop} is viscous",,
"be inviscous; be thin; OBJ {lubricant; oil; liquid} is inviscous",ANTONYM OF be viscous,
"thicken; viscify; SBJ {thickener} makes OBJ more viscous",INCOHATIVE OF be viscous,
"thin; inviscify; SBJ {thinner} makes OBJ less viscous",CESSATIVE OF be viscous,
"be foamy; be spongey; OBJ {foam; sponge} is foamy",,
"be consistent; be solid; be smooth; OBJ is solid all the way through, with few air pockets",ANTONYM OF be foamy,
"foam; froth; rise; air; SBJ {foamer} fills OBJ with small pockets",INCOHATIVE OF be foamy,
"compress; solidify; smooth; SBJ {defoamer} removes the small pockets from OBJ",CESSATIVE OF be foamy,
"be burnt; OBJ {ash; char} is burnt",,
"burn; SBJ {burner} burns OBJ",INCOHATIVE OF be burnt,
"be on fire; be flaming; OBJ {fire; flame; fuel} is on fire",PROGRESSIVE OF burn,
"ignite; light on fire; SBJ {fire starter} lights OBJ on fire",INCOHATIVE OF be on fire,
"be flammable; OBJ can burn",POSSIBILITY OF burn,
"be unflammable; be fire-resistant; be flame-retardant; OBJ does not burn easily",ANTONYM OF be flammable,
"flammibify; SBJ makes OBJ flammable",INCOHATIVE OF be flammable,
"deflammibify; SBJ makes OBJ less flammable",CESSATIVE OF be flammable,
"bounce; SBJ {bouncer} bounces OBJ off of IND",,
"be bouncy; OBJ is bouncy {AMOUNT:bounciness}",POSSIBILITY OF bounce,
"be unbouncy; be flat; be hard",ANTONYM OF be bouncy,
"bouncify; make bouncy; SBJ makes OBJ bouncy",INCOHATIVE OF be bouncy,
"debouncify; make not bouncy; SBJ makes OBJ less bouncy",CESSATIVE OF be bouncy,
"grip; drag; OBJ exerts a frictional force on IND {AMOUNT:coefficient of friction}",,
"be made of; comprise; OBJ {construction; object; product} is made out of IND {material; substance; chemical; element}",,
"be wood; be wooden; OBJ is made out of wood",,
"woodify; SBJ turns OBJ into wood",INCOHATIVE OF be wood,
"be stone; be rock; be earth; be earthen; OBJ is made out of earth",,
"turn to stone; earthify; SBJ turns OBJ to stone",INCOHATIVE OF be stone,
"be metal; be metallic; OBJ is made out of metal",,
"metallicise; SBJ turns OBJ into metal",INCOHATIVE OF be metal,
"be crystal; OBJ is made out of crystal",,
"crystalise; SBJ turns OBJ into crystal",INCOHATIVE OF be crystal,
"be charged; be electrified; OBJ {battery} has electric energy stored {AMOUNT:electric potential; voltage; *electricity}",,
"charge; electrify; SBJ {charger} imbues OBJ with electric energy",INCOHATIVE OF be charged,
"discharge; shock; electrify; power; SBJ releases the electric energy of OBJ onto IND {machine; electric circuit} {METHOD:conduit; wire; circuit; component}",CESSATIVE OF be charged,
"be capacitive; OBJ {capacitor} is a capacitor {AMOUNT:capacitance}",POSSIBILITY OF be charged,
"involve",,
"reach",,
"jump; over the indirect object onto the direct object",,
"social; amount of socialization",,
"introversion",,
"note-leave",,
"ride; transport; SBJ {passenger} rides on OBJ {vehicle}",,
"play; a game or a sport",,
"legislate",,
"wait",,
"generalize",,
"individual",,
"add",,
"remove",,
"rule-place",,
"violate; a rule",,
"great; numerically",,
"lesser; small numeric value",,
"research",,
"be-in; a situation",,
"staff; provide support in a manner not directly related to the main thing",,
"participate",,
"cinematograph",,
"log-in",,
"log-out",,
"significant",,
"insignificant",,
"design",,
"special; uniqueness",,
"normal; ununiqueness",,
"lift",,
"much-of; fraction; majority",,
"random-generate",,
"dispose",,
"cut",,
"describe",,
"available; time management at a point",,
"community-make",,
"particular",,
"fill; act; stand in; OBJ {roleplayer; filler} fills the role IND {role}",,
"be similar",,
"be differenc; differ",,
"action-take; the direct object is the action",,
"step; the direct object is what you step on or in",,
"draw",,
"model; replicate; image; SBJ {modeler} makes OBJ {image; model} after IND {source; original}",,
"patronize; as in a customer going to a business",,
"lead-to; be a door; subject is door, direct object is thing on other side, indirect object is thing on this side",,
"be hot; be warm; OBJ is hotter than IND {reference temperature; lukewarm} {AMOUNT:temperature}",,
"be cold; be cool; OBJ is colder than IND",ANTONYM OF be hot,
"heat; warm; SBJ {heater} makes OBJ heat up relative to IND",INCOHATIVE OF be hot,
"cool; SBJ {cooler; air conditioner} makes OBJ cool down relative to IND",CESSATIVE OF be hot,
"fun-have",,
"parent; raise; SBJ {parent; mother; father; mentor} raises OBJ {child; tutee}",,
"be pregnant; be pregant; be gregnant; be pegnate; be pregegnant; be prregnant; be pergert; be pergenat; be peegnant; be pgrenant; be pregananant; OBJ is pregnant",,
"impregnate; inseminate; get pregnant; SBJ {impregnator} impregnates OBJ; {TIME:conception}",INCOHATIVE OF be pregnant,
"abort; get abortion; SBJ {aborter} gives OBJ an abortion {TIME:abortion}",CESSATIVE OF be pregnant,
"give birth; get born; SBJ {biological mother} gives birth to OBJ {offspring; biological child; newborn} by IND {biological father}'s seed {TIME:birth}",ono [mama baba],mamap
"prosper; well; good; OBJ is doing well",,
"excuse; pardon; SBJ excuses OBJ",,
"be grateful; be thankful; OBJ feels grateful to SBJ",,
"be sorry; be apologetic; feel remorse; regret; OBJ feels sorry for causing IND to happen",,
"sympathise; OBJ sympathises with IND",,
"be lazy",,
"go out; do stuff; be active; be driven; SBJ does stuff",ANTONYM OF be lazy,
"creep out; OBJ {creeped out} finds IND {creepy; creeper} creepy",,
"sleep",,
"laugh; SBJ {laugher} laughs",ono [ha ha],hahjak
"burp; belch; SBJ {burper} burps",ono [korop],kolojp
"fart; flatulate; SBJ {farter} farts",ono [pʰut],putiwt
"sneeze; SBJ {sneezer} sneezes",ono [haˈt͡ʃuh],hacujc
"yawn; SBJ {yawner} yawn",ono [ˈhaː.aː],heaws
"hiccup; SBJ {cursed with hiccups} hiccups",ono [hik],hikjok
"cough; SBJ {cougher} coughs",ono [ʡah],kahawk
"kiss; snog; make out; SBJ {kisser} kisses OBJ {kissee}",ono [mwa],mwap
"swallow; suck; consume whole; SBJ {swallower} swallows OBJ {swallowed}",ono [glup glup],kulawp
"have sex; fuck; bang; nail; do; plow; ride",,
"feel; SBJ feels OBJ {emotion}",,
"apathetic",,
"shameful",,
"disgusted",,
"fearful; scared",,
"joyful; happy",,
"sad",,
"surprised",,
"angry",,
"anticipating; like ""forward-to-look"",, but not necessarily positive",,
"excited",,
"interested; in the indirect object",,
"bored; by the indirect object",,
"fatigued",,
"anxious",,
"pleased; basic euphoria from food, music, or sex",,
"proud; the happiness associated with feeling like a productive member of society",,
"amused",,
"satisfied; the good feeling produced by snapping parts together or popping bubble wrap",,
"schadenfreude-ful",,
"nostalgic",,
"awed",,
"courageous",,
"worry; bother; trouble; concern; IND {problem; trouble; issue} troubles OBJ {worried; bothered}",,
"relieve; calm; reassure; IND {relief} gives OBJ {soothed} relieved feelings",ANTONYM OF worry,
"make worried; make bothered; SBJ {[https://xkcd.com/1015/]} causes OBJ to be bothered by IND",INCOHATIVE OF worry,
"assuage; sooth; relieve; calm; SBJ {reliever} causes OBJ to feel relieved by IND",CESSATIVE OF worry,
"curious",,
"terrified; the brief reaction to jump-scares that comes before actual fear or annoyance",,
"apprehensive; hesitative reaction to decisions",,
"worried",,
"troubled; have troubled feelings from the direct object",,
"puzzled; have confusion from the direct object",,
"adore; find something cute",,
"be entertained; OBJ {audience} is entertained by IND {show; entertainment} {TIME:performance}",,
"entertain; SBJ {entertainer} makes OBJ be entertained by IND",INCOHATIVE OF be entertained,
"beI awkward",,
"hurt; feel pain; feel bad; OBJ {in pain} feels pain in their IND {pain point; wound}",,
"feel good; feel euphoria; sooth; OBJ {soothed} feels physically good in their IND {nice; good}",,
"torture; inflict pain; hurt; SBJ {torturer} makes OBJ feel pain in their IND",,
"sooth; stimulate; SBJ {soother} makes OBJ feel good in their IND",,
"substitute",,
"be represented; represent; OBJ {symbol; representative} conveys the essence of SBJ with its presence",,
"insert",,
"exclusive",,
"imply; if-then",,
"zoom; gotta go fast",,
"beside; to be on the side of",,
"sibling-be",,
"cousin-be",,
"shoot; a projectile at something",,
"invent",,
"get-educated",,
"be likely; be unremarkable; be expectable; SBJ is likely {AMOUNT:P-value}",,
"be unlikely; be remarkable; be unexpected; SBJ is unlikely",ANTONYM OF be likely,
"hallucinate; dream",,
"correspond; relate - not write",,
"in-season; a time of year when something is ""in""",,
"sharp; of an edge or blade",,
"dull; of an edge or blade",,
"throw",,
"intend",,
"angularly-large",,
"angularly-small",,
"into; direct object is long/deep thing",,
"out-of; direct object is long/deep thing",,
"revolve",,
"mock",,
"disease-have",,
"embark; in the metaphorical sense; begin a long habitual process",,
"finish; end a long habitual process",,
"strong; ability to exact force",,
"weak; inability to exact force",,
"dexterous",,
"clumsy",,
"charismatic",,
"awkward; as a character trait",,
"stand; structurally e.g. a building",,
"imprison",,
"list",,
"furnish; as in furniture",,
"study; measure; conduct science; investigate; observe; experiment; test; SBJ {scientist} uses empirical observation to learn the answer to or more about OBJ {science; field of study; big question; the body of knowledge formed by the scientific process} {LOCATION:laboratory; lab|INSTRUMENT:meter; instrument; measuring device}",,
"engineer; SBJ {engineer} uses technical skills and fine problem-solving to solve OBJ {technical problem}",,
"entrepreneur; SBJ {entrepreneur} uses ideation, people skills, and determination to solve OBJ {largescale problem}",,
"art-make",,
"be magical; SBJ {magician; sorcerer; wizard} makes OBJ {magic trick; spell} happen magically {INSTRUMENT:magic}",,
"hit; intentionally cause a collision with something",,
"flash; quickly emit bright light; also applies to sound and other sensations",,
"flicker; any rapid oscillation",,
"ceremony-participate",,
"extract",,
"cook; boil; steam; broil; marinate; grill; smoke; bake; toast; microwave",,
"wound-suffer",,
"famous",,
"obscure",,
"slice",,
"stab; puncture",,
"squeeze",,
"beware",,
"cluster; be physically nearby",,
"big-picture",,
"detail-oriented",,
"conquer",,
"rebel",,
"clean",,
"dirty",,
"tidy",,
"messy",,
"transform",,
"help; be for; ally; support; benefit; work with; OBJ {helper} is working toward the same goal as IND {ally; friend}",,
"hinder; be against; oppose; harm; compete; fight; OBJ {opposer} is working toward a goal contrary to that of IND {opponent; competitor; enemy}",ANTONYM OF help,
"align with; join; team up; SBJ {alliance forger} makes OBJ ally with IND",INCOHATIVE OF help,
"turn against; betray; split up; SBJ {instigator} turns OBJ {traitor} against IND",CESSATIVE OF help,
"fight; battle; SBJ {fighter} has a physically violent engagement with OBJ {adversary; opponent} {TIME:violence; physical violence|INSTRUMENT:weapon}",,
"win; SBJ {winner} wins OBJ {contest; game} against OBJ {loser}",,
"base; operations and such",,
"sexually-attract",,
"avoid",,
"wonder",,
"consent",,
"rot",,
"throw away; dispose",,
"poison",,
"medicate; tend-to; treat; doctor",,
"bury",,
"exhume; uncover",,
"forward-to-look; like ""anticipating"",, but necessarily positive",,
"pure",,
"tainted",,
"tolerate",,
"attention-pay",,
"code-write; program",,
"wear-and-tear; gradually sustain minor damage",,
"resist",,
"give-in",,
"downstream; combine it with ""become"" to get ""flow""",,
"cloud",,
"pollute",,
"act; behave as though the direct object is true; do things in a certain manner",,
"encode",,
"parse; interpret information encoded somehow",,
"wave; a hand or a flag",,
"gesture",,
"be healthy; OBJ is healthy {AMOUNT:health}",,
"be sick; be ill; OBJ is sick",ANTONYM OF be healthy,
"heal; treat; SBJ {doctor; healer} heals OBJ {patient}",INCOHATIVE OF be healthy,
"sicken; poison; SBJ {poisoner} sickens OBJ {poisoned}",CESSATIVE OF be healthy,
"fancy",,
"lame; the slangy definition, not the disability one",,
"locked",,
"unlocked",,
"live; as in live a life",,
"expert; a person who is not a layperson",,
"mediocre; be a layperson",,
"obvious",,
"cryptic",,
"literal",,
"technical",,
"correct; be right; be supposed to",,
"physical; describes things in the physical realm",,
"secret-keep",,
"secret-share",,
"mean; big-picture meaning of things",,
"name; indirect object is person, direct object is name",,
"humid",,
"unhumid",,
"replace",,
"print; convert a digital object into a real one",,
"transcribe",,
"virtual; digitalness",,
"drunk; applies to alcohol as well as other drugs",,
"sober",,
"marry",,
"dimensional; i.e. 2D or 3D",,
"function; be working; do what one is supposed to",,
"be functional; be effective",POSSIBILITY OF function,
"be nonfunctional; be broken",ANTONYM OF be functional,
"peruse",,
"bladder-full; the feeling of having to pee",,
"stupid; [https://forum.tfes.org/index.php?topic=6098.msg132382#msg132382]",,
"whisper; speak without voicing",,
"shout; raise one's voice",,
"prepare; as in food",,
"sympathize",,
"challenge",,
"push",,
"voice; concern, gratitude, sorriness, etc.",,
"admire",,
"approve",,
"expect",,
"screen; project or render images onto a surface",,
"remotely-control",,
"procrastinate",,
"rough",,
"smooth",,
"soft; tendency to conform shape",,
"elastic; tendency to bend and then spring back",,
"classy; the quality of being expensive and unneccesary",,
"practical",,
"congratulate",,
"sarcastic",,
"liberal; political",,
"conservative; political",,
"have faith; be faithful; hope; OBJ faithfully believes in IND {on faith} {AMOUNT:faith; faithfulness}",,
"give faith; take faith; build up hope; SBJ causes OBJ to gain faith in IND",INCOHATIVE OF have faith,
"lose faith; destroy faith; lose hope; SBJ causes OBJ to lose faith in IND",CESSATIVE OF have faith,
"complete",,
"incomplete",,
"reference; refer to; consult with",,
"attention; be occupied by the direct object",,
"synergize; constructively interfere",,
"cancel-out; destructively interfere",,
"tangle; knot; SBJ {knot} is tangled together",,
"touch; meet; OBJ {touching} and IND are so close to each other that they cannot physically get any closer (please don't get tecnical with my definition of this) {LOCATION:joint; corner; intersection; edge}",,
"touch; join; SBJ touches OBJ to IND",INCOHATIVE OF touch,
"cut; separate; divide; split; SBJ makes OBJ stop touching IND",CESSATIVE OF touch,
"be across; be transverse; straddle; be perpendicular; OBJ is across IND {crossed} {AMOUNT:transverseness; obliqueness}",,
"be along; be longitudinal; be with; be parallel; OBJ is along IND",ANTONYM OF be across,
"cross; move across; SBJ makes OBJ cross IND {LOCATION:intersection; cross|TIME:crossing}",INCOHATIVE OF be across,
"align; move along; move with; SBJ makes OBJ go along IND {TIME:alignment}",CESSATIVE OF be across,
"hunt; chase; pursue; SBJ {hunter} hunts for OBJ {hunted}, either literally or metaphorically",,
"deserve; be entitled; SBJ {worthy; deserving; entitled} deserves OBJ {dessert}",,
"be silly; be funny; be ironic; goof off; OBJ is silly {AMOUNT:silliness}",,
"be serious; OBJ is serious {AMOUNT:seriousness}",ANTONYM OF be silly,
"sillify; SBJ {sillifier} makes OBJ {sillied} become silly",INCOHATIVE OF be silly,
"get serious; SBJ makes OBJ become serious",CESSATIVE OF be silly,
"act; say; voice; SBJ {actor} acts as though OBJ {farce} is true",,
"be steep",,
"cross",,
"be tense",,
"rub",,
"choose",,
"be natural",,
"be amazing; be extreme; be incredible; be absurd; OBJ is to a very high degree",,
"be okay; be meh; be average; be moderate; OBJ is to a low degree",ANTONYM OF be amazing,
"hit; strike; {INSTRUMENT:hammer}",,
"be objective",,
"be subjective",ANTONYM OF be objective,
"spread; copy",,
